Mariackiego;Mariackie
Polanicy Zdroju;Polanica Zdrój
Szczecina;Szczecin
Krzczonowa Drugiego;Krzczonów Drugi
Sianożątki;Sianożątka
Soroczego Mostku;Soroczy Mostek
Dąbrowca;Dąbrowiec
Bielowizny;Bielowizna
Góralic;Góralice
Gwizdowej;Gwizdowa
Chobia;Chobie
Radzikowic;Radzikowice
Osady Borku;Osada Borek
Sierpowa;Sierpów
Wronowa Kolonii;Wronów Kolonia
Pitkówki;Pitkówka
Gór pod Lasem;Góry pod Lasem
Juszkowego Grodu;Juszkowy Gród
Bazylianówki;Bazylianówka
Kuźlikówki;Kuźlikówka
Koło Kościoła;Koło Kościoła
Sitkowizny;Sitkowizna
Tysek;Tyski
Nadlesia;Nadlesie
Nowego Starogrodu;Nowy Starogród
