Podkamiennego;Podkamienny
Kamiennego;Kamienny
Kopaninin;Kopaniny
Cieśninin;Cieśniny
Poduchownego;Poduchowny
Jonów;Jony
Satanów;Satany
Suprunów;Supruny
Troninin;Troniny
Łonów;Łony
Furmanów;Furmany
Biegunów;Bieguny
Szczepanów;Szczepany
Mienianian;Mieniany
Murzynów;Murzyny
Gawronów;Gawrony
Ogonów;Ogony
Solanów;Solany
Potocznego;Potoczny
Cechynów;Cechyny
Młynów;Młyny
Dziubanów;Dziubany
Haliczanów;Haliczany
Okunów;Okuny
Szkawranów;Szkawrany
Antoninin;Antoniny
Wygnanan;Wygnany
Tominów;Tominy
Baranów;Barany
Zdanów;Zdany
Kierdonów;Kierdony
Somaninin;Somaniny
Słuchanów;Słuchany
Serafinów;Serafiny
Bałkanów;Bałkany
Kasjanów;Kasjany
Krzepinów;Krzepiny
Dzierzen;Dzierzny
Lataninin;Lataniny
Bujen;Bujny
Karwanów;Karwany
Kończanów;Kończany
Joninin;Joniny
Klaninin;Klaniny
Urbanów;Urbany
Wolnego;Wolny
Ziego;Zielony
Bochen;Bochny
Śmietanów;Śmietany
Rożnów;Rożny
Bylinów;Byliny
Węgrzynów;Węgrzyny
Kosnów;Kosny
Mosnych;Mosny
Faronów;Farony
Równinin;Równiny
Podchojen;Podchojny
Granicznego;Graniczny
Kunów;Kuny
Wojen;Wojny
Jarominów;Jarominy
Cyganów;Cygany
Klonów;Klony
Szatanów;Szatany
Ułanów;Ułany
Pościennego;Pościenny
Organów;Organy
Burbonów;Burbony
Połoninin;Połoniny
Gołdynów;Gołdyny
Stanów;Stany
Klinów;Kliny
Dupnego;Dupny
Łubnianian;Łubniany
Wielgomłynów;Wielgomłyny
Augustynów;Augustyny
Łachmanów;Łachmany
Kasztanów;Kasztany
Misanów;Misany
Pacanów;Pacany
Jabłon;Jabłonny
Ksanów;Ksany
Rusinów;Rusiny
Stonów;Stony
Planów;Plany
Szafranów;Szafrany
Majdanów;Majdany
Ziarnów;Ziarny
Woronianian;Woroniany
Janów;Jany
Wygonów;Wygony
Targoninin;Targoniny
Kulwanów;Kulwany
Wątrobnego;Wątrobny
Sebastianów;Sebastiany
Dzierżaninin;Dzierżaniny
Jesionów;Jesiony
Marcinów;Marciny
Sosen;Sosny
Kurhanów;Kurhany
Ratnego;Ratny
Pogonów;Pogony
Sośninin;Sośniny
Spalonego;Spalony
Franciszkanów;Franciszkany
Wagonów;Wagony
Ściegien;Ściegny
Orkanów;Orkany
Terebunów;Terebuny
Jatnego;Jatny
Kozianów;Koziany
Pienianian;Pieniany
Matecznego;Mateczny
Drenów;Dreny
Chodnicznego;Chodniczny
Kubinów;Kubiny
Salamonów;Salamony
Stegien;Stegny
Łosinianian;Łosiniany
Dachtonów;Dachtony
Bocianów;Bociany
Krzanów;Krzany
Kołtynianian;Kołtyniany
Kraśnianian;Kraśniany
Komponów;Kompony
Kierdanów;Kierdany
Plonów;Plony
Ćmanów;Ćmany
Florynów;Floryny
Putonów;Putony
Czerninin;Czerniny
Rażen;Rażny
Nostrożnego;Nostrożny
Malonów;Malony
Tumanów;Tumany
Słonianów;Słoniany
Glinianian;Gliniany
Radwanów;Radwany
Surzynów;Surzyny
Wychen;Wychny
Malinczanego;Malinczany
Howienów;Howieny
Chilmonów;Chilmony
Okoninin;Okoniny
Kołbonów;Kołbony
Worninin;Worniny
Cupinów;Cupiny
Dragonów;Dragony
Kapłonów;Kapłony
Kruszynianian;Kruszyniany
Harmoninin;Harmoniny
Fedanów;Fedany
Jasieninin;Jasieniny
Sobiepanów;Sobiepany
Brzonów;Brzony
Łanów;Łany
Ziemianinów;Ziemianiny
Słoninin;Słoniny
Dziesięciozagonów;Dziesięciozagony
Stefanów;Stefany
Wronów;Wrony
Bagnów;Bagny
Bołdonów;Bołdony
Karaczonów;Karaczony
Stengien;Stengny
Kormonów;Kormony
Regnów;Regny
Szymanów;Szymany
Romanów;Romany
Horodnianian;Horodniany
Boconów;Bocony
Dziedzinów;Dziedziny
Czernianian;Czerniany
Wroninin;Wroniny
Zakopaninin;Zakopaniny
Florianów;Floriany
Wełen;Wełny
Pieronów;Pierony
Szymonów;Szymony
Kojdonów;Kojdony
Majeranów;Majerany
Pizunów;Pizuny
Listwanów;Listwany
Bębnów;Bębny
Juhanów;Juhany
Burdzianów;Burdziany
Kominów;Kominy
Michen;Michny
Wolaninin;Wolaniny
Gronajnajn;Gronajny
Nowomłynów;Nowomłyny
Śniegocinów;Śniegociny
Gugnów;Gugny
Tarninin;Tarniny
Zbeninin;Zbeniny
Żołen;Żołny
Ciosen;Ciosny
Hajdanów;Hajdany
Dzieninin;Dzieniny
Zagonów;Zagony
Podzdanów;Podzdany
Podbagnów;Podbagny
Podfranciszkanów;Podfranciszkany
Słowianów;Słowiany
Gulganów;Gulgany
Maninin;Maniny
